,label
1025,0
2741,1
642,0
58,0
1789,1
2096,1
3147,1
1113,0
1074,0
1091,0
2548,1
2501,1
1623,1
1022,0
309,0
2554,1
1427,1
1660,1
1114,0
2154,1
1258,1
1376,1
1422,1
599,0
3512,1
2453,1
2891,1
2266,1
1926,1
3574,1
802,0
188,0
3384,1
2374,1
1412,1
3195,1
1283,1
1429,1
549,0
354,0
240,0
3370,1
2248,1
2104,1
3484,1
1206,1
1556,1
1720,1
415,0
1672,1
2232,1
544,0
3594,1
152,0
2761,1
1366,1
2123,1
1902,1
256,0
461,0
346,0
2439,1
2820,1
1502,1
3048,1
2080,1
439,0
2935,1
712,0
1532,1
1966,1
905,0
178,0
1938,1
2934,1
893,0
1171,1
736,0
1078,0
864,0
1721,1
1263,1
2771,1
2611,1
3358,1
14,0
3072,1
173,0
2587,1
2760,1
331,0
2031,1
430,0
1459,1
2691,1
1791,1
3469,1
3273,1
809,0
2488,1
2822,1
881,0
557,0
1621,1
2223,1
450,0
3041,1
1703,1
2185,1
324,0
2732,1
1632,1
3149,1
867,0
63,0
266,0
3596,1
1475,1
157,0
1094,0
368,0
61,0
594,0
2293,1
2102,1
254,0
2899,1
3181,1
3004,1
1874,1
109,0
124,0
1866,1
1425,1
263,0
1373,1
2011,1
3105,1
573,0
221,0
2609,1
999,0
2990,1
1731,1
1738,1
1915,1
2043,1
88,0
1128,0
1742,1
3253,1
2607,1
871,0
3495,1
1134,1
2600,1
3590,1
3238,1
1011,0
2460,1
3264,1
2650,1
1849,1
2066,1
283,0
274,0
2181,1
2162,1
676,0
2098,1
423,0
1483,1
506,0
2475,1
2769,1
1814,1
442,0
1564,1
218,0
3054,1
2994,1
3097,1
3430,1
1909,1
1057,0
2614,1
805,0
3130,1
3169,1
976,0
554,0
2003,1
1071,0
1620,1
2144,1
0,0
3557,1
3457,1
2129,1
2694,1
578,0
247,0
3565,1
1657,1
2496,1
718,0
2805,1
175,0
278,0
839,0
1411,1
1138,1
1211,1
2282,1
2498,1
416,0
1052,0
217,0
1610,1
3349,1
759,0
3442,1
2115,1
3571,1
2130,1
449,0
3365,1
2597,1
1818,1
1233,1
433,0
1536,1
371,0
2953,1
2629,1
2274,1
657,0
1517,1
755,0
2057,1
2601,1
2404,1
246,0
787,0
505,0
3101,1
1159,1
948,0
3514,1
2378,1
862,0
3387,1
907,0
2717,1
2785,1
543,0
2755,1
2069,1
1334,1
2004,1
612,0
1068,0
1766,1
1070,0
485,0
2083,1
3168,1
3165,1
258,0
1882,1
1760,1
3348,1
1474,1
2594,1
3205,1
3124,1
952,0
3546,1
1322,1
3017,1
2751,1
596,0
2236,1
1135,1
296,0
842,0
507,0
7,0
2005,1
2757,1
1655,1
1735,1
1454,1
1023,0
3464,1
2516,1
2285,1
1718,1
2538,1
96,0
985,0
1651,1
761,0
2430,1
25,0
2337,1
1960,1
2437,1
1034,0
1786,1
1251,1
2712,1
1563,1
1830,1
67,0
2059,1
3069,1
1706,1
3481,1
2196,1
31,0
1339,1
2602,1
610,0
3511,1
570,0
3329,1
343,0
1539,1
1551,1
678,0
2063,1
2833,1
2946,1
2250,1
937,0
2279,1
1037,0
1764,1
2319,1
1320,1
576,0
705,0
1315,1
1432,1
2271,1
528,0
176,0
2542,1
422,0
680,0
1084,0
3260,1
2210,1
1780,1
818,0
781,0
2067,1
288,0
1615,1
2380,1
1395,1
1747,1
1803,1
177,0
1592,1
2131,1
2298,1
1566,1
370,0
2697,1
729,0
598,0
2728,1
1618,1
2045,1
3074,1
1506,1
1614,1
790,0
141,0
1898,1
665,0
807,0
1883,1
654,0
471,0
1080,0
3375,1
2585,1
829,0
2665,1
2610,1
1157,1
1237,1
195,0
532,0
1352,1
3126,1
2763,1
2451,1
978,0
227,0
555,0
3035,1
2718,1
2684,1
1907,1
1104,0
897,0
631,0
2793,1
2971,1
162,0
219,0
1891,1
1234,1
1973,1
2656,1
1498,1
547,0
3425,1
2964,1
2643,1
568,0
869,0
1351,1
1029,0
2333,1
611,0
1671,1
3295,1
2022,1
742,0
1867,1
3472,1
3212,1
581,0
3055,1
1606,1
857,0
73,0
48,0
2894,1
3148,1
3376,1
3204,1
2042,1
756,0
1403,1
2884,1
3554,1
1192,1
1116,0
1450,1
2758,1
1554,1
1067,0
572,0
2615,1
2876,1
1533,1
3531,1
2803,1
2679,1
3467,1
3137,1
1402,1
3403,1
1075,0
3575,1
2550,1
3315,1
259,0
3113,1
1826,1
3241,1
812,0
2588,1
2114,1
2620,1
2605,1
2787,1
1967,1
3209,1
3262,1
2359,1
2578,1
2149,1
3021,1
2698,1
2211,1
2974,1
2828,1
1850,1
3196,1
2583,1
1659,1
2909,1
927,0
3446,1
2954,1
108,0
1593,1
2500,1
1577,1
318,0
816,0
59,0
1042,0
1414,1
1871,1
1684,1
3503,1
3156,1
765,0
932,0
1289,1
2372,1
2229,1
3086,1
727,0
3591,1
2577,1
220,0
2095,1
582,0
1053,0
3429,1
3025,1
56,0
187,0
2121,1
2077,1
2422,1
2925,1
1800,1
2916,1
468,0
1446,1
1361,1
2238,1
226,0
535,0
2529,1
1832,1
2646,1
2622,1
2517,1
697,0
1497,1
210,0
2873,1
69,0
734,0
1805,1
1288,1
3261,1
3144,1
376,0
436,0
2411,1
3440,1
1656,1
208,0
1242,1
565,0
313,0
601,0
233,0
2951,1
1691,1
2907,1
3470,1
12,0
111,0
2113,1
1647,1
2483,1
1987,1
1739,1
2171,1
3023,1
1149,1
1392,1
472,0
490,0
3263,1
3254,1
831,0
2802,1
3232,1
3257,1
1767,1
1235,1
1278,1
1644,1
2407,1
1110,0
1503,1
655,0
3180,1
361,0
135,0
2649,1
2599,1
2322,1
2706,1
366,0
2396,1
2127,1
29,0
2989,1
22,0
1510,1
2307,1
3096,1
1284,1
695,0
1330,1
700,0
420,0
682,0
2541,1
460,0
43,0
87,0
1569,1
2823,1
3153,1
561,0
282,0
2648,1
3193,1
1398,1
3412,1
1047,0
465,0
3324,1
2446,1
859,0
533,0
1268,1
2930,1
2468,1
3476,1
2815,1
2860,1
1488,1
2535,1
1801,1
3542,1
2851,1
1064,0
1340,1
903,0
637,0
1146,1
1117,0
1688,1
1681,1
942,0
2630,1
3455,1
1132,0
2586,1
1745,1
887,0
3038,1
685,0
2344,1
789,0
2985,1
3471,1
3530,1
2768,1
1922,1
1813,1
272,0
1462,1
521,0
522,0
1896,1
350,0
2509,1
1612,1
2804,1
3371,1
651,0
1175,1
3098,1
3330,1
1174,1
3401,1
1609,1
1611,1
168,0
3335,1
962,0
945,0
462,0
1480,1
328,0
1350,1
2018,1
367,0
3106,1
2726,1
2506,1
1420,1
772,0
2289,1
3218,1
2832,1
498,0
1231,1
435,0
365,0
1105,0
276,0
3297,1
2240,1
2464,1
407,0
2519,1
1089,0
844,0
1748,1
2850,1
3449,1
2484,1
2881,1
1370,1
1188,1
2013,1
1670,1
1956,1
944,0
199,0
3036,1
2244,1
801,0
2759,1
3259,1
1490,1
231,0
1210,1
2957,1
1961,1
1999,1
1558,1
3589,1
3431,1
2019,1
3309,1
104,0
2670,1
1507,1
2480,1
1452,1
1765,1
2736,1
2932,1
2749,1
2167,1
1151,1
3396,1
2178,1
1565,1
3595,1
2864,1
1775,1
3024,1
994,0
464,0
1222,1
2179,1
2892,1
1844,1
2172,1
2836,1
212,0
1036,0
3479,1
900,0
1436,1
3395,1
741,0
3160,1
2789,1
1905,1
509,0
597,0
1499,1
981,0
1200,1
3164,1
518,0
1213,1
767,0
2383,1
421,0
123,0
2687,1
2339,1
819,0
100,0
3161,1
3321,1
2743,1
3141,1
1103,0
1514,1
2655,1
2877,1
1873,1
1945,1
2821,1
982,0
456,0
2678,1
2555,1
381,0
3351,1
1537,1
2202,1
1010,0
2163,1
2008,1
662,0
1378,1
1947,1
3256,1
1461,1
2269,1
2817,1
3014,1
1921,1
845,0
542,0
2325,1
2297,1
1397,1
1196,1
1102,0
2416,1
2981,1
1795,1
2624,1
2982,1
1642,1
1048,0
3521,1
1421,1
2835,1
3269,1
237,0
2208,1
1833,1
1133,0
2347,1
2461,1
163,0
2189,1
252,0
1444,1
2148,1
930,0
1652,1
2381,1
1694,1
2913,1
1578,1
1965,1
1962,1
1090,0
3245,1
1181,1
593,0
677,0
41,0
3419,1
1468,1
1586,1
243,0
1124,0
1309,1
1494,1
1272,1
261,0
1295,1
1993,1
2400,1
834,0
2770,1
1356,1
2046,1
2619,1
340,0
3544,1
748,0
1675,1
480,0
2781,1
1948,1
1641,1
783,0
3080,1
2302,1
2356,1
2885,1
1754,1
2247,1
1406,1
3016,1
2369,1
2545,1
1456,1
1271,1
3437,1
1127,0
626,0
347,0
3063,1
2618,1
979,0
3093,1
1587,1
911,0
2249,1
632,0
1426,1
445,0
617,0
1808,1
2024,1
1862,1
1637,1
3052,1
1362,1
1779,1
3553,1
353,0
1232,1
613,0
2222,1
3341,1
2965,1
2424,1
2276,1
3378,1
57,0
2473,1
2685,1
2631,1
1253,1
2998,1
2257,1
2720,1
2379,1
1553,1
3406,1
2390,1
560,0
707,0
3030,1
424,0
1093,0
647,0
72,0
2707,1
2915,1
1407,1
1005,0
620,0
1345,1
1736,1
553,0
2540,1
1546,1
3190,1
2015,1
3182,1
998,0
1770,1
1377,1
3578,1
3288,1
2466,1
3576,1
3460,1
2477,1
440,0
508,0
1100,0
589,0
3163,1
649,0
3275,1
2090,1
3466,1
2452,1
1732,1
660,0
630,0
1815,1
1249,1
2132,1
482,0
1616,1
3066,1
1583,1
2952,1
2323,1
2140,1
856,0
1225,1
1190,1
1894,1
530,0
2403,1
49,0
1465,1
858,0
3207,1
1072,0
719,0
2671,1
3084,1
3474,1
1876,1
2576,1
2553,1
1864,1
2673,1
3235,1
1859,1
3237,1
2471,1
1793,1
1783,1
1455,1
2567,1
1385,1
1399,1
1195,1
1653,1
3146,1
2091,1
297,0
3408,1
1264,1
1729,1
958,0
2667,1
1749,1
3167,1
2170,1
1374,1
1286,1
349,0
1368,1
2212,1
643,0
1552,1
3175,1
669,0
3316,1
2941,1
1487,1
1179,1
2476,1
1511,1
3028,1
2010,1
2637,1
1357,1
786,0
3224,1
140,0
788,0
323,0
2880,1
714,0
2963,1
2351,1
3319,1
1697,1
3027,1
1557,1
618,0
406,0
3061,1
1662,1
1545,1
2991,1
2177,1
497,0
2009,1
342,0
2330,1
2716,1
782,0
1323,1
2078,1
1602,1
303,0
2933,1
2216,1
664,0
1177,1
1244,1
2194,1
2633,1
2866,1
3206,1
2341,1
84,0
2653,1
941,0
961,0
841,0
2470,1
2918,1
1677,1
2093,1
2458,1
290,0
2683,1
1613,1
3011,1
604,0
2442,1
916,0
2111,1
3251,1
1099,0
1088,0
3293,1
2414,1
821,0
1860,1
3393,1
2910,1
2948,1
1302,1
1000,0
2812,1
2486,1
1477,1
18,0
493,0
1125,0
1404,1
1988,1
2688,1
3199,1
3458,1
1807,1
584,0
2099,1
687,0
3022,1
2465,1
2426,1
1972,1
1009,0
2889,1
360,0
3057,1
3279,1
2304,1
1310,1
1744,1
1598,1
2467,1
3353,1
344,0
986,0
1825,1
743,0
3244,1
1650,1
113,0
1437,1
1572,1
1241,1
1142,1
3588,1
1216,1
1198,1
85,0
1842,1
2474,1
1381,1
1927,1
668,0
1014,0
128,0
1364,1
3083,1
1665,1
891,0
2316,1
1359,1
307,0
383,0
150,0
1317,1
1451,1
2230,1
2348,1
426,0
494,0
1207,1
3018,1
2227,1
1208,1
2742,1
3561,1
2636,1
3187,1
1239,1
1847,1
2398,1
275,0
489,0
1752,1
1229,1
690,0
1904,1
2606,1
3299,1
1727,1
2644,1
2494,1
1058,0
118,0
1024,0
2886,1
281,0
2107,1
1316,1
2791,1
968,0
1667,1
1829,1
2288,1
619,0
2947,1
155,0
3504,1
2920,1
304,0
2334,1
3482,1
1971,1
3592,1
2699,1
1307,1
1980,1
575,0
2346,1
3076,1
3139,1
1299,1
132,0
2112,1
2882,1
2053,1
843,0
2303,1
1820,1
269,0
629,0
1033,0
2281,1
286,0
1326,1
2651,1
300,0
1963,1
1447,1
1472,1
2552,1
2225,1
2647,1
65,0
3116,1
890,0
2778,1
3543,1
2970,1
1769,1
230,0
503,0
1756,1
3034,1
1964,1
1525,1
2064,1
3026,1
1004,0
836,0
2138,1
374,0
1811,1
2533,1
2657,1
939,0
1321,1
3306,1
3217,1
751,0
99,0
1543,1
2259,1
866,0
910,0
2318,1
1575,1
529,0
1260,1
1726,1
2206,1
636,0
1269,1
185,0
2260,1
2382,1
3475,1
931,0
1441,1
3583,1
3555,1
1535,1
2016,1
3102,1
1273,1
2739,1
2092,1
607,0
1954,1
3250,1
151,0
1861,1
2570,1
1925,1
3278,1
731,0
2827,1
2287,1
3267,1
23,0
3015,1
158,0
861,0
2087,1
902,0
352,0
1230,1
3239,1
444,0
3519,1
754,0
923,0
1666,1
3559,1
2525,1
311,0
1375,1
548,0
2392,1
2073,1
3032,1
306,0
287,0
694,0
308,0
2645,1
3582,1
2283,1
749,0
1590,1
1170,1
1916,1
1266,1
1837,1
3313,1
908,0
2353,1
86,0
2846,1
2345,1
2978,1
970,0
13,0
873,0
1723,1
808,0
3082,1
514,0
2883,1
409,0
1978,1
1337,1
1413,1
2709,1
1897,1
2868,1
1953,1
6,0
382,0
2166,1
3404,1
1777,1
3019,1
2215,1
1713,1
2340,1
2534,1
1393,1
552,0
3337,1
222,0
1382,1
1096,0
3276,1
8,0
634,0
316,0
1328,1
427,0
1940,1
105,0
2002,1
142,0
121,0
1885,1
2834,1
3433,1
1189,1
2536,1
3159,1
1983,1
1689,1
115,0
2097,1
3194,1
1835,1
2571,1
3352,1
3533,1
2425,1
2642,1
672,0
2456,1
91,0
1109,0
2118,1
591,0
2084,1
3339,1
2023,1
888,0
3416,1
3131,1
1576,1
2338,1
1714,1
213,0
778,0
2580,1
1448,1
2221,1
800,0
2962,1
3143,1
2124,1
1567,1
3550,1
3188,1
1518,1
2246,1
3246,1
1343,1
273,0
1812,1
71,0
720,0
1740,1
1087,0
394,0
583,0
3477,1
2413,1
2420,1
500,0
3537,1
2663,1
2329,1
3569,1
3283,1
3125,1
3220,1
1763,1
1259,1
2183,1
2268,1
205,0
733,0
1176,1
526,0
2818,1
1992,1
898,0
377,0
2522,1
1559,1
3382,1
3210,1
348,0
386,0
198,0
3515,1
1709,1
1050,0
590,0
519,0
2423,1
1628,1
2906,1
3007,1
429,0
1083,0
2119,1
2436,1
207,0
491,0
1941,1
1809,1
2028,1
3488,1
792,0
3454,1
2527,1
1186,1
1185,1
1550,1
2310,1
1952,1
2672,1
1530,1
1410,1
1476,1
2855,1
1797,1
83,0
2830,1
2666,1
20,0
1995,1
1627,1
2126,1
2153,1
1405,1
3046,1
1730,1
1562,1
3584,1
3223,1
2387,1
973,0
1710,1
3343,1
2512,1
883,0
1098,0
156,0
2727,1
886,0
3593,1
2176,1
1512,1
2960,1
2980,1
3325,1
2321,1
737,0
1453,1
1505,1
2481,1
3172,1
458,0
2421,1
1951,1
78,0
3490,1
2493,1
1056,0
906,0
2159,1
2654,1
3226,1
380,0
947,0
2252,1
2406,1
2857,1
715,0
2878,1
686,0
3068,1
1293,1
305,0
209,0
1143,1
2661,1
3564,1
2513,1
885,0
1929,1
3266,1
917,0
3439,1
2826,1
191,0
2273,1
2440,1
1265,1
483,0
2929,1
915,0
3109,1
277,0
988,0
2071,1
1245,1
2195,1
571,0
1435,1
2428,1
993,0
2025,1
2020,1
585,0
3523,1
413,0
3587,1
1349,1
1007,0
674,0
2241,1
855,0
447,0
3281,1
865,0
2596,1
2708,1
3201,1
2852,1
2254,1
1690,1
3197,1
2972,1
1247,1
1985,1
294,0
1547,1
2012,1
588,0
1741,1
1281,1
2290,1
2320,1
1950,1
2764,1
3095,1
3529,1
2328,1
2702,1
1417,1
425,0
534,0
1054,0
2034,1
2713,1
2992,1
556,0
3186,1
3333,1
2441,1
1193,1
1716,1
2750,1
3413,1
2897,1
1285,1
2245,1
2270,1
3545,1
1889,1
1591,1
3581,1
2155,1
2903,1
1137,1
2299,1
3577,1
3398,1
1711,1
2973,1
453,0
913,0
2415,1
1199,1
1274,1
37,0
974,0
983,0
2408,1
1418,1
1560,1
39,0
1486,1
2295,1
169,0
1355,1
2147,1
3231,1
2364,1
2375,1
1640,1
1290,1
1380,1
1933,1
579,0
2030,1
892,0
780,0
159,0
2,0
849,0
2940,1
1596,1
1776,1
1913,1
1043,0
1544,1
2503,1
53,0
3463,1
1911,1
2419,1
824,0
3214,1
1389,1
3528,1
2251,1
1607,1
1594,1
771,0
1868,1
1085,0
3151,1
1325,1
1463,1
806,0
3123,1
2725,1
2108,1
2561,1
3532,1
963,0
398,0
3368,1
704,0
431,0
292,0
3394,1
145,0
2033,1
2531,1
1165,1
2050,1
2753,1
339,0
2174,1
265,0
2801,1
1771,1
271,0
696,0
3562,1
244,0
3373,1
476,0
2032,1
3053,1
2258,1
813,0
1914,1
3033,1
3538,1
1804,1
2603,1
250,0
545,0
738,0
310,0
1131,0
1449,1
3483,1
15,0
3355,1
2526,1
2893,1
363,0
182,0
1194,1
2226,1
1121,0
1182,1
2639,1
614,0
1466,1
401,0
934,0
2377,1
2370,1
726,0
826,0
1521,1
136,0
628,0
334,0
390,0
2762,1
1817,1
3230,1
710,0
1039,0
2355,1
3228,1
1561,1
3388,1
3012,1
1112,0
1223,1
2399,1
1508,1
1750,1
3216,1
338,0
215,0
1341,1
3006,1
3362,1
3192,1
3573,1
2431,1
101,0
2579,1
171,0
107,0
3198,1
3579,1
2641,1
2402,1
2284,1
2447,1
2409,1
2700,1
3415,1
3079,1
1040,0
2120,1
1524,1
3274,1
481,0
3558,1
2658,1
1762,1
2928,1
3039,1
2487,1
2457,1
405,0
757,0
2350,1
97,0
1333,1
2856,1
3318,1
3535,1
2058,1
2528,1
148,0
28,0
2459,1
2366,1
692,0
1386,1
1845,1
2462,1
1599,1
701,0
1708,1
454,0
2040,1
2515,1
609,0
167,0
730,0
2589,1
3215,1
2384,1
1622,1
587,0
1401,1
1700,1
2623,1
2829,1
1379,1
2089,1
2175,1
2592,1
2309,1
2969,1
441,0
2051,1
1301,1
3037,1
1304,1
236,0
520,0
735,0
3177,1
2106,1
592,0
1303,1
1387,1
2335,1
2669,1
3497,1
904,0
3042,1
1279,1
2871,1
3448,1
2308,1
2854,1
3280,1
2847,1
706,0
3162,1
745,0
1939,1
2358,1
513,0
81,0
1308,1
2979,1
914,0
3307,1
3291,1
774,0
329,0
2054,1
2001,1
943,0
822,0
909,0
181,0
164,0
1523,1
451,0
1311,1
1111,0
3301,1
1287,1
327,0
1790,1
3179,1
2007,1
1858,1
312,0
832,0
1201,1
3492,1
2357,1
2134,1
2209,1
2776,1
1481,1
777,0
799,0
54,0
1920,1
3091,1
2584,1
1701,1
2161,1
3364,1
987,0
2582,1
1394,1
768,0
3176,1
285,0
3158,1
428,0
2332,1
2079,1
722,0
951,0
2262,1
989,0
3347,1
3345,1
326,0
1383,1
1724,1
1086,0
341,0
147,0
2795,1
1107,0
848,0
966,0
2942,1
2203,1
661,0
1002,0
3222,1
3008,1
2800,1
3178,1
1879,1
3377,1
1203,1
1990,1
24,0
3369,1
2429,1
3117,1
2752,1
875,0
3225,1
938,0
2394,1
2995,1
3560,1
385,0
2746,1
2996,1
2927,1
2291,1
3340,1
936,0
3085,1
2360,1
3502,1
1332,1
1934,1
935,0
2418,1
566,0
1854,1
2898,1
1645,1
2543,1
1792,1
1430,1
3001,1
1013,0
1928,1
2696,1
126,0
2510,1
1347,1
355,0
827,0
1639,1
984,0
2188,1
3049,1
2443,1
362,0
2349,1
345,0
2507,1
3115,1
711,0
2621,1
10,0
2887,1
2116,1
1834,1
793,0
3423,1
94,0
129,0
2371,1
2682,1
3480,1
2263,1
1900,1
2626,1
3270,1
1932,1
2574,1
1865,1
1658,1
516,0
1857,1
2243,1
1277,1
3465,1
950,0
1120,0
2204,1
419,0
922,0
2638,1
477,0
2035,1
3173,1
1692,1
2997,1
1471,1
1202,1
2438,1
1669,1
3326,1
1970,1
2151,1
820,0
1997,1
3436,1
1248,1
2634,1
3185,1
2190,1
3128,1
1046,0
1888,1
2469,1
615,0
1318,1
3456,1
3493,1
3506,1
2136,1
2937,1
1772,1
3536,1
131,0
77,0
2052,1
724,0
1314,1
1851,1
3522,1
2748,1
2968,1
1372,1
1855,1
1319,1
3443,1
3402,1
375,0
1908,1
333,0
3140,1
2754,1
2365,1
1604,1
1118,0
3390,1
1943,1
2711,1
2376,1
3013,1
1342,1
320,0
1619,1
2921,1
2060,1
2219,1
1673,1
1942,1
260,0
2810,1
2039,1
689,0
901,0
2306,1
2026,1
138,0
1917,1
1828,1
1573,1
319,0
653,0
2137,1
2775,1
558,0
2187,1
112,0
531,0
224,0
723,0
2900,1
3513,1
1433,1
2373,1
2784,1
2865,1
1458,1
3233,1
846,0
193,0
1464,1
946,0
2021,1
2551,1
1629,1
117,0
645,0
1870,1
3,0
74,0
1755,1
467,0
5,0
1246,1
919,0
2595,1
228,0
1063,0
2590,1
242,0
2730,1
1160,1
3549,1
2677,1
2563,1
1526,1
1605,1
3338,1
3568,1
2949,1
3043,1
1989,1
2987,1
2362,1
1975,1
1761,1
1305,1
1541,1
2472,1
622,0
2766,1
1493,1
110,0
2275,1
2714,1
1169,1
2943,1
232,0
66,0
3240,1
2072,1
2192,1
536,0
125,0
2133,1
1254,1
2966,1
1976,1
3427,1
2780,1
2075,1
484,0
1654,1
3203,1
2715,1
2874,1
1774,1
2410,1
918,0
1646,1
1026,0
1030,0
882,0
1335,1
2662,1
364,0
2125,1
27,0
473,0
525,0
725,0
55,0
638,0
302,0
3122,1
1276,1
3154,1
624,0
2055,1
1280,1
1049,0
336,0
47,0
106,0
2397,1
1079,0
2286,1
2261,1
1144,1
3572,1
2296,1
1836,1
1753,1
1101,0
1968,1
2721,1
3285,1
523,0
2280,1
2692,1
1428,1
2581,1
3121,1
603,0
1489,1
2807,1
2917,1
60,0
3292,1
671,0
92,0
666,0
1887,1
280,0
1719,1
359,0
899,0
1935,1
1994,1
2765,1
760,0
2158,1
3138,1
42,0
2173,1
204,0
1473,1
2100,1
2593,1
68,0
1875,1
2845,1
2231,1
137,0
796,0
2180,1
2128,1
758,0
541,0
1019,0
2740,1
165,0
248,0
1331,1
2017,1
446,0
2482,1
1358,1
2145,1
1329,1
3486,1
2150,1
434,0
2122,1
577,0
2858,1
3284,1
2448,1
1848,1
762,0
388,0
235,0
3452,1
1984,1
267,0
770,0
2165,1
437,0
673,0
249,0
2201,1
1574,1
2142,1
2081,1
3133,1
3071,1
3282,1
448,0
1469,1
716,0
2867,1
3129,1
2048,1
1901,1
2984,1
1168,1
82,0
2895,1
2724,1
1460,1
1893,1
1668,1
2756,1
2000,1
475,0
517,0
404,0
384,0
2905,1
2152,1
1633,1
3426,1
688,0
1240,1
62,0
852,0
3294,1
2958,1
1262,1
223,0
2193,1
373,0
1824,1
3031,1
3438,1
3107,1
3213,1
9,0
2497,1
1944,1
1838,1
708,0
255,0
1617,1
389,0
1581,1
924,0
3323,1
2843,1
2508,1
2036,1
2872,1
1224,1
2549,1
1946,1
739,0
40,0
868,0
2779,1
539,0
2745,1
3356,1
2723,1
1371,1
1145,1
1031,0
372,0
667,0
357,0
967,0
2831,1
2783,1
1353,1
1035,0
470,0
3100,1
1396,1
3136,1
1549,1
1256,1
2094,1
1555,1
3094,1
1250,1
1699,1
1252,1
3407,1
3334,1
79,0
1172,1
814,0
1852,1
2220,1
2719,1
3145,1
2105,1
133,0
1140,1
933,0
928,0
823,0
1531,1
1214,1
504,0
3552,1
2395,1
1996,1
2434,1
1958,1
1384,1
894,0
828,0
3496,1
2523,1
1683,1
3078,1
3058,1
3524,1
652,0
172,0
38,0
3428,1
713,0
90,0
3539,1
1205,1
2955,1
3090,1
1827,1
1155,1
1324,1
216,0
510,0
1680,1
499,0
3249,1
1856,1
1388,1
1519,1
2386,1
3258,1
2076,1
1540,1
1217,1
2681,1
3432,1
1416,1
2217,1
3010,1
1676,1
1197,1
1542,1
2539,1
953,0
2635,1
750,0
2705,1
234,0
732,0
3586,1
1156,1
3077,1
2445,1
1209,1
1065,0
2156,1
1062,0
2616,1
1167,1
1492,1
2938,1
2956,1
884,0
143,0
3525,1
850,0
2782,1
717,0
3405,1
2502,1
264,0
75,0
2492,1
395,0
3044,1
2224,1
3354,1
396,0
1365,1
2988,1
1903,1
595,0
2109,1
1296,1
1821,1
872,0
3103,1
3487,1
2326,1
1548,1
36,0
2710,1
3020,1
2143,1
3056,1
977,0
1571,1
1122,0
2786,1
2239,1
2967,1
2504,1
1892,1
675,0
2808,1
728,0
412,0
1516,1
1649,1
825,0
616,0
114,0
417,0
1625,1
2652,1
3520,1
89,0
2896,1
3132,1
2082,1
753,0
2546,1
1630,1
11,0
2444,1
284,0
1066,0
1191,1
1440,1
3359,1
3357,1
2738,1
3243,1
1568,1
2427,1
2737,1
3081,1
1687,1
851,0
2207,1
895,0
496,0
2305,1
1782,1
335,0
2839,1
515,0
1348,1
1015,0
2816,1
3367,1
3361,1
2809,1
3075,1
1781,1
2569,1
1785,1
2070,1
356,0
3418,1
1312,1
1635,1
550,0
2388,1
2479,1
2521,1
2265,1
2959,1
1227,1
3208,1
957,0
1773,1
2141,1
1008,0
1092,0
3200,1
2744,1
996,0
1679,1
153,0
3336,1
2908,1
2837,1
580,0
1470,1
703,0
1212,1
896,0
487,0
559,0
1141,1
1119,0
2849,1
512,0
633,0
3089,1
1664,1
1012,0
1931,1
1150,1
2838,1
3363,1
116,0
740,0
3310,1
1974,1
1081,0
1810,1
830,0
119,0
656,0
3271,1
3221,1
3509,1
635,0
369,0
268,0
2703,1
2983,1
2870,1
2914,1
46,0
3327,1
991,0
876,0
773,0
1219,1
1126,0
4,0
3051,1
1595,1
2311,1
3040,1
3441,1
2491,1
3050,1
1077,0
837,0
681,0
1715,1
2352,1
2617,1
2361,1
2197,1
1148,1
574,0
50,0
853,0
1982,1
2774,1
1823,1
833,0
1115,0
1166,1
2518,1
1906,1
971,0
2701,1
399,0
2559,1
2368,1
19,0
684,0
35,0
2950,1
3391,1
2875,1
524,0
2455,1
920,0
1841,1
1890,1
537,0
2806,1
1705,1
3508,1
3110,1
245,0
784,0
1409,1
2537,1
154,0
3009,1
1686,1
2901,1
625,0
2733,1
3445,1
1346,1
569,0
3510,1
1758,1
1816,1
2065,1
127,0
3567,1
2006,1
2975,1
980,0
3563,1
190,0
1139,1
992,0
699,0
3320,1
606,0
180,0
301,0
2544,1
3328,1
1060,0
3379,1
3447,1
2565,1
1069,0
2524,1
2205,1
1243,1
16,0
3120,1
3570,1
546,0
658,0
3236,1
3067,1
3277,1
1504,1
959,0
2926,1
2331,1
797,0
225,0
2074,1
1799,1
2485,1
3548,1
2277,1
2085,1
1693,1
2797,1
1045,0
469,0
954,0
3566,1
2735,1
3453,1
639,0
3331,1
1218,1
1158,1
1415,1
3248,1
1527,1
3498,1
1300,1
3434,1
2848,1
1603,1
160,0
1704,1
956,0
3234,1
2869,1
3491,1
877,0
1919,1
2961,1
1884,1
2200,1
98,0
3389,1
2557,1
3183,1
253,0
103,0
1445,1
1443,1
1648,1
586,0
627,0
1696,1
3191,1
2101,1
2199,1
403,0
1154,1
2255,1
2863,1
1682,1
3170,1
2056,1
3062,1
3409,1
3108,1
452,0
2301,1
1327,1
2944,1
2049,1
880,0
3494,1
623,0
2393,1
3322,1
1787,1
262,0
1634,1
1438,1
2198,1
1969,1
2520,1
1802,1
640,0
3580,1
2385,1
2598,1
3392,1
1959,1
2976,1
488,0
1843,1
1734,1
2911,1
3219,1
146,0
1534,1
1986,1
1369,1
2450,1
3516,1
3002,1
2811,1
659,0
1794,1
2511,1
186,0
1147,1
3272,1
608,0
2191,1
2799,1
1930,1
3029,1
197,0
2931,1
2327,1
293,0
766,0
400,0
122,0
3255,1
202,0
835,0
2294,1
1439,1
1733,1
1695,1
3505,1
1707,1
3489,1
1153,1
1661,1
2432,1
3372,1
1759,1
854,0
1589,1
2267,1
641,0
1,0
2160,1
698,0
3517,1
2999,1
1636,1
3184,1
1291,1
3422,1
2489,1
1520,1
1853,1
1136,1
3304,1
3473,1
1631,1
1998,1
663,0
683,0
1257,1
3386,1
317,0
648,0
1434,1
1479,1
709,0
1282,1
1768,1
972,0
2675,1
2680,1
1306,1
1400,1
1408,1
3296,1
2237,1
3302,1
1496,1
2038,1
1529,1
1663,1
1354,1
3501,1
3527,1
1643,1
1051,0
795,0
2693,1
3060,1
1597,1
2604,1
2729,1
2625,1
1819,1
3157,1
3314,1
1722,1
1183,1
2572,1
1059,0
540,0
3242,1
1678,1
2796,1
3462,1
2532,1
1757,1
1923,1
95,0
1020,0
563,0
3312,1
2790,1
863,0
1484,1
2939,1
1881,1
1038,0
206,0
392,0
2842,1
870,0
397,0
2814,1
3451,1
3289,1
1028,0
2690,1
1485,1
2660,1
960,0
1570,1
2773,1
1895,1
2731,1
2146,1
804,0
1751,1
2454,1
502,0
3119,1
3104,1
2977,1
779,0
1863,1
200,0
2182,1
3099,1
2088,1
3065,1
2278,1
1796,1
378,0
2336,1
418,0
1698,1
391,0
2640,1
1522,1
1162,1
3134,1
1495,1
2695,1
2027,1
1152,1
1367,1
2568,1
64,0
2062,1
1180,1
3112,1
492,0
379,0
2235,1
763,0
2264,1
791,0
1076,0
878,0
337,0
2767,1
2343,1
1016,0
1275,1
455,0
3342,1
815,0
2317,1
995,0
1981,1
201,0
161,0
1579,1
2777,1
2449,1
702,0
1500,1
1129,0
2613,1
3461,1
1021,0
3073,1
3459,1
1585,1
1955,1
3152,1
2253,1
34,0
775,0
2556,1
3499,1
1478,1
3003,1
1390,1
2139,1
1363,1
2945,1
2612,1
3417,1
2824,1
2041,1
241,0
2061,1
2363,1
600,0
2435,1
1297,1
2214,1
2888,1
2068,1
646,0
3202,1
1528,1
2879,1
1267,1
1899,1
562,0
3551,1
2734,1
3005,1
189,0
1806,1
975,0
2747,1
3547,1
2047,1
2558,1
1082,0
474,0
2904,1
747,0
2300,1
21,0
3385,1
459,0
1184,1
2324,1
955,0
1215,1
2433,1
2853,1
3485,1
1515,1
2391,1
769,0
3380,1
1685,1
130,0
2919,1
3171,1
3444,1
2135,1
1482,1
330,0
1238,1
466,0
2169,1
1638,1
3092,1
1095,0
1130,0
1294,1
860,0
3507,1
3174,1
